{
  "menu": [
    {
      "url": "/dashboard",
      "name": "Dashboard",
      "icon": "menu-icon tf-icons bx bx-home-circle",
      "slug": "dashboard"
    },
    {
      "menuHeader": "User Pages"
    },
    {
      "name": "Agent",
      "icon": "menu-icon tf-icons bx bxs-user-detail",
      "slug": "agent",
      "submenu": [
        {
          "url": "/create/agent",
          "name": "Register Agent",
          "slug": "agent.create"
        },
        {
          "url": "/view/agent",
          "name": "View All Agents",
          "slug": "agent-view-agent"
        },
        {
          "url": "/active/agent",
          "name": "Active Accounts",
          "slug": "agent-activate-agent"
        },
        {
          "url": "/deactive/agent",
          "name": "Inactive Accounts",
          "slug": "agent-deactivate-agent"
        }
      ]
    },

    {
      "name": "Client",
      "icon": "menu-icon tf-icons bx bxs-user-detail",
      "slug": "client",
      "submenu": [
        {
          "url": "/view/client",
          "name": "View All Client",
          "slug": "client-view-client"
        },
        {
          "url": "/active/client",
          "name": "Active Accounts",
          "slug": "client-activate-client"
        },
        {
          "url": "/deactive/client",
          "name": "Inactive Accounts",
          "slug": "client-deactivate-client"
        }
      ]
    },

    {
      "name": "Service Provider",
      "icon": "menu-icon tf-icons bx bxs-user-detail",
      "slug": "provider",
      "submenu": [
        {
          "url": "/view/provider",
          "name": "View All provider",
          "slug": "provider-view-provider"
        }
      ]
    },
     {
      "menuHeader": "Transactions"
    },
    {
      "name": "Client Transaction",
      "url": "/client/transaction",
      "icon": "menu-icon tf-icons bx bx-transfer",
      "slug": "trans-client-transaction"
    },
    {
      "name": "Service Charges",
      "url": "/service/charges",
      "icon": "menu-icon tf-icons bx bx-money",
      "slug": "trans-service-charges"
    }

  ]
}
